timestamp,user,device_id,device_name,decision,reasoning,confidence
2026-08-12T11:18:44Z,user1@[redacted-tenant],(no-device-id),,escalate,"This is a first-seen device for the user, and there's no specific indication that it's a reissued or renamed corporate device, so the default to escalate holds.",high
2026-08-12T11:18:46Z,user1@[redacted-tenant],(no-device-id),,escalate,"This is a first-seen device for the user, and there's no specific indication that it's a reissued or renamed corporate device, given the lack of device ID and non-compliant status.",high
2026-08-12T11:18:49Z,user1@[redacted-tenant],(no-device-id),,escalate,"This is a first-seen device for the user, and there's no specific indication that it's a reissued or renamed corporate device, given the lack of device ID and non-compliant status.",high
2026-08-12T11:18:51Z,user1@[redacted-tenant],(no-device-id),,escalate,"This is a first-seen device for the user, and there's no specific indication that it's a reissued or renamed corporate device, given the lack of device_id and non-compliant status.",high
2026-08-12T11:18:54Z,user1@[redacted-tenant],(no-device-id),,escalate,"This is a first-seen device for the user, and there's no specific indication that it's a reissued or renamed corporate device, so the default to escalate holds.",high
2026-08-12T11:18:56Z,user1@[redacted-tenant],(no-device-id),,escalate,"This is a first-seen device for the user, and there's no specific indication that it's a reissued or renamed corporate device, given the lack of device_id and non-compliant status.",high
2026-08-12T11:18:58Z,user1@[redacted-tenant],(no-device-id),,escalate,"This is a first-seen device for the user, and there's no specific indication that it's a reissued or renamed corporate device, given the lack of device ID and non-compliant status.",high
2026-08-12T11:19:01Z,user1@[redacted-tenant],(no-device-id),,escalate,"This is a first-seen device for the user, and there's no strong indication that it's a reissued or renamed corporate device, given the lack of device ID and non-compliant status.",high
2026-08-12T11:19:03Z,user1@[redacted-tenant],(no-device-id),,escalate,"This is a first-seen device for the user, and there's no strong indication that it's a reissued or renamed corporate device, given the lack of device ID and non-compliant status.",high
2026-08-12T11:19:06Z,user1@[redacted-tenant],(no-device-id),,escalate,"This is a first-seen device for the user, and there's no specific indication that it's a reissued or renamed corporate device, given the lack of device_id and non-compliant status.",high
2026-08-12T11:19:08Z,user1@[redacted-tenant],(no-device-id),,escalate,"This is a first-seen device for the user, and there's no specific indication that it's a reissued or renamed corporate device, so the default to escalate holds.",high
2026-08-12T11:19:11Z,user2@[redacted-tenant],(no-device-id),,escalate,"This is a first-seen device for the user, and there's no specific indication that it's a reissued or renamed corporate device, given the lack of device_id and non-compliant status.",high
2026-08-12T11:19:13Z,user2@[redacted-tenant],(no-device-id),,escalate,"This is a first-seen device for the user, and there's no specific indication that it's a reissued or renamed corporate device, given the lack of device_id, device_name, and the device being non-compliant and unmanaged.",high
2026-08-12T11:19:16Z,user2@[redacted-tenant],ae7d8793-a3c7-43f9-8bb6-a97991fc86bf,WinSpire,escalate,"This is a first-seen device for the user, and there's no strong indication that it's a reissued or renamed corporate device, given the lack of compliance and management status.",high
2026-08-12T11:19:18Z,user2@[redacted-tenant],ae7d8793-a3c7-43f9-8bb6-a97991fc86bf,WinSpire,dismiss,"The device_id has been seen before for this user, and there's nothing unusual in the event itself that would contradict this, such as an unusual timestamp or compliance status.",high
2026-08-12T11:19:21Z,user2@[redacted-tenant],ae7d8793-a3c7-43f9-8bb6-a97991fc86bf,WinSpire,dismiss,"The device_id has been seen before for this user, and there's nothing unusual in the event itself that would contradict this, such as an unusual timestamp or compliance status.",high
2026-08-12T11:19:23Z,user2@[redacted-tenant],ae7d8793-a3c7-43f9-8bb6-a97991fc86bf,WinSpire,dismiss,"The device_id has been seen before for this user, and there's nothing unusual in the event itself that would contradict this, such as an unusual timestamp or compliance status.",high
2026-08-12T11:19:26Z,user2@[redacted-tenant],ae7d8793-a3c7-43f9-8bb6-a97991fc86bf,WinSpire,dismiss,"The device_id has been seen before for this user, and there's nothing unusual in the event itself that would contradict this, such as an unusual timestamp or compliance status.",high
2026-08-12T11:19:28Z,user2@[redacted-tenant],ae7d8793-a3c7-43f9-8bb6-a97991fc86bf,WinSpire,dismiss,"The device_id has been seen before for this user, and there's nothing unusual in the event itself that would contradict this, such as an unusual timestamp or compliance status.",high
2026-08-12T11:19:30Z,user2@[redacted-tenant],(no-device-id),,escalate,"This is a first-seen device for the user, and there's no strong indication that it's a reissued or renamed corporate device, given the lack of device_id, non-compliant status, and unmanaged device.",high
2026-08-12T11:19:33Z,user2@[redacted-tenant],ae7d8793-a3c7-43f9-8bb6-a97991fc86bf,WinSpire,dismiss,"The device_id has been seen before for this user, and there's nothing unusual in the event itself that would contradict this, such as an unusual timestamp or compliance status.",high
2026-08-12T11:19:35Z,user2@[redacted-tenant],ae7d8793-a3c7-43f9-8bb6-a97991fc86bf,WinSpire,dismiss,"The device_id has been seen before for this user, and there's nothing unusual in the event itself that would contradict this, such as an unusual timestamp or compliance status.",high
